year,fileName,logicalRoles,sizeBytes,modifiedAtUtc,sha256,pdfMagicValid,pageCount,textCharacterCount,sourcePath,destinationPath
2015,2015广州中考.pdf,exam_paper,700514,2026-05-03T08:23:10.135024+00:00,534d8eee3b99446d514af736aaf4cd8e36f2803154f7778c0f656f1832b7510c,True,8,6188,D:\KQG_Data\guangzhou_physics_2015_2025\2015广州中考.pdf,D:\KQG_Data\source_materials\imported\guangzhou_physics_2015_2025\20260726-v2\raw\2015广州中考.pdf
2015,2015广州中考年报.pdf,exam_year_report,2125591,2026-05-03T08:16:53.540775+00:00,722aaefb7f1a81cfc413b0b7c7401798a50eb77305aa6b11397c521269202381,True,40,41011,D:\KQG_Data\guangzhou_physics_2015_2025\2015广州中考年报.pdf,D:\KQG_Data\source_materials\imported\guangzhou_physics_2015_2025\20260726-v2\raw\2015广州中考年报.pdf
2015,2015广州中考答案.pdf,answer_solution,400792,2026-05-03T08:23:11.783917+00:00,065a6293b5c1019ed2da199736df44c6d0304797d0a986a750449197ca9ba88d,True,4,1292,D:\KQG_Data\guangzhou_physics_2015_2025\2015广州中考答案.pdf,D:\KQG_Data\source_materials\imported\guangzhou_physics_2015_2025\20260726-v2\raw\2015广州中考答案.pdf
2016,2016广州中考.pdf,exam_paper,821294,2026-05-03T08:23:16.475052+00:00,377de2f0a5c7c8a35bff908ac5a4527b671702ac4265bf9d9728e531ae541cee,True,8,6228,D:\KQG_Data\guangzhou_physics_2015_2025\2016广州中考.pdf,D:\KQG_Data\source_materials\imported\guangzhou_physics_2015_2025\20260726-v2\raw\2016广州中考.pdf
2016,2016广州中考年报.pdf,exam_year_report,2172260,2026-05-03T08:17:05.853797+00:00,15e9d00bf1fe5a3a21419e58e45b99cd5b500321c72034f09e3b6c11881ae10c,True,52,64617,D:\KQG_Data\guangzhou_physics_2015_2025\2016广州中考年报.pdf,D:\KQG_Data\source_materials\imported\guangzhou_physics_2015_2025\20260726-v2\raw\2016广州中考年报.pdf
2016,2016广州中考答案.pdf,answer_solution,851883,2026-05-03T08:23:17.572149+00:00,fadc6107c2acaaf95de050f4693864a9fffcac71e456bf30a1f4593047ab408b,True,6,131,D:\KQG_Data\guangzhou_physics_2015_2025\2016广州中考答案.pdf,D:\KQG_Data\source_materials\imported\guangzhou_physics_2015_2025\20260726-v2\raw\2016广州中考答案.pdf
2017,2017广州中考.pdf,exam_paper,1019691,2026-04-27T11:17:54.546180+00:00,3f419b1779ebec02f74c694966924a2931611f3525d3d17701946bb63abfc4fa,True,8,6207,D:\KQG_Data\guangzhou_physics_2015_2025\2017广州中考.pdf,D:\KQG_Data\source_materials\imported\guangzhou_physics_2015_2025\20260726-v2\raw\2017广州中考.pdf
2017,2017广州中考年报.pdf,exam_year_report,3073807,2026-05-03T08:17:21.123411+00:00,625a8ede241011338ed88543a787750d20512bef72253debbaf2104e77f91a65,True,56,56657,D:\KQG_Data\guangzhou_physics_2015_2025\2017广州中考年报.pdf,D:\KQG_Data\source_materials\imported\guangzhou_physics_2015_2025\20260726-v2\raw\2017广州中考年报.pdf
2017,2017广州中考答案.pdf,answer_solution,335295,2026-05-03T08:23:19.987859+00:00,f87c3cb8ed02969137ba916184045052ec3efecbd6331dd1d192fe52de67d207,True,4,1642,D:\KQG_Data\guangzhou_physics_2015_2025\2017广州中考答案.pdf,D:\KQG_Data\source_materials\imported\guangzhou_physics_2015_2025\20260726-v2\raw\2017广州中考答案.pdf
2018,2018广州中考.pdf,exam_paper,1291035,2026-04-27T11:18:56.713433+00:00,c4feff77379271fbea32404b1ab3952800ff305639c8af446fa1c8c68a2fc794,True,11,6852,D:\KQG_Data\guangzhou_physics_2015_2025\2018广州中考.pdf,D:\KQG_Data\source_materials\imported\guangzhou_physics_2015_2025\20260726-v2\raw\2018广州中考.pdf
2018,2018广州中考年报.pdf,exam_year_report,5433512,2019-01-11T08:20:04+00:00,654d6433c1fdc18eec875a4253ade44ca6558561c6565adf2ac2d272337ad1f3,True,104,106906,D:\KQG_Data\guangzhou_physics_2015_2025\2018广州中考年报.pdf,D:\KQG_Data\source_materials\imported\guangzhou_physics_2015_2025\20260726-v2\raw\2018广州中考年报.pdf
2018,2018广州中考答案.pdf,answer_solution,568229,2026-05-03T08:23:24.814423+00:00,40b1a15e8b70c44e862eabf265cbe4d63062151742a126133388d31a4b666ed6,True,3,1663,D:\KQG_Data\guangzhou_physics_2015_2025\2018广州中考答案.pdf,D:\KQG_Data\source_materials\imported\guangzhou_physics_2015_2025\20260726-v2\raw\2018广州中考答案.pdf
2019,2019广州中考.pdf,exam_paper,1254764,2026-04-27T11:27:39.079114+00:00,85dd476db8eacd837f7a4590bac7c795ef5cf53f68a1c68a08f279e7d1731dba,True,9,5141,D:\KQG_Data\guangzhou_physics_2015_2025\2019广州中考.pdf,D:\KQG_Data\source_materials\imported\guangzhou_physics_2015_2025\20260726-v2\raw\2019广州中考.pdf
2019,2019广州中考年报.pdf,exam_year_report,9312459,2020-05-20T07:14:30+00:00,ec37a5ee6ffa550fc57eae2d3b9c51ef642dd808bf74a37c2751091b6db84f01,True,110,103044,D:\KQG_Data\guangzhou_physics_2015_2025\2019广州中考年报.pdf,D:\KQG_Data\source_materials\imported\guangzhou_physics_2015_2025\20260726-v2\raw\2019广州中考年报.pdf
2019,2019广州中考答案.pdf,answer_solution,697141,2026-05-03T08:23:29.433097+00:00,b4dfdef844f45be070eaf3db88961ede314eca829493b70e0ddbe17631c1d116,True,18,10670,D:\KQG_Data\guangzhou_physics_2015_2025\2019广州中考答案.pdf,D:\KQG_Data\source_materials\imported\guangzhou_physics_2015_2025\20260726-v2\raw\2019广州中考答案.pdf
2020,2020广州中考-参考答案.pdf,answer_solution,225334,2026-07-31T09:58:27.466000+00:00,d73824b34e222287286cb23caf3f5900b8509fd1e5088cf1190d6de5a79fc770,True,2,774,D:\KQG_Data\guangzhou_physics_2015_2025\2020广州中考-参考答案.pdf,D:\KQG_Data\source_materials\imported\guangzhou_physics_2015_2025\20260726-v2\raw\2020广州中考-参考答案.pdf
2020,2020广州中考.pdf,exam_paper,912666,2026-07-31T09:58:18.246000+00:00,95b86d3ae8415ab714ff775ae34c6ff695fd30e3fd1ef14caec5689114061800,True,9,6189,D:\KQG_Data\guangzhou_physics_2015_2025\2020广州中考.pdf,D:\KQG_Data\source_materials\imported\guangzhou_physics_2015_2025\20260726-v2\raw\2020广州中考.pdf
2020,2020广州中考年报.pdf,exam_year_report,6982256,2025-05-12T08:49:48+00:00,95f18f3ec6434f074f37a4396ed621a72dc6473fae5121d736099aebd48f3c1d,True,91,87336,D:\KQG_Data\guangzhou_physics_2015_2025\2020广州中考年报.pdf,D:\KQG_Data\source_materials\imported\guangzhou_physics_2015_2025\20260726-v2\raw\2020广州中考年报.pdf
2021,2021广州中考-参考答案.pdf,answer_solution,290114,2026-05-03T08:23:31.216957+00:00,e157ab8a16233acd68000299b427f814687035ec1b76384f69f1cf446ed04578,True,4,1151,D:\KQG_Data\guangzhou_physics_2015_2025\2021广州中考-参考答案.pdf,D:\KQG_Data\source_materials\imported\guangzhou_physics_2015_2025\20260726-v2\raw\2021广州中考-参考答案.pdf
2021,2021广州中考.pdf,exam_paper,1108692,2026-04-27T11:31:02.798179+00:00,d4abb8aa48663b772abb1ee5b15935b065b8931af47bd3c62d89bdef1f83989c,True,8,3857,D:\KQG_Data\guangzhou_physics_2015_2025\2021广州中考.pdf,D:\KQG_Data\source_materials\imported\guangzhou_physics_2015_2025\20260726-v2\raw\2021广州中考.pdf
2021,2021广州中考年报.pdf,exam_year_report,5316441,2023-09-13T00:28:18+00:00,18c3e88851b24578b96e657c927a9c3baaa7ad807fb9942c6140496b02d90853,True,72,53962,D:\KQG_Data\guangzhou_physics_2015_2025\2021广州中考年报.pdf,D:\KQG_Data\source_materials\imported\guangzhou_physics_2015_2025\20260726-v2\raw\2021广州中考年报.pdf
2022,2022广州中考-参考答案.pdf,answer_solution,1524553,2026-05-03T08:23:35.503767+00:00,519a730083d49f576effa9f9d099c0f2731022ff94bc80bbe5e64713d2016120,True,18,9164,D:\KQG_Data\guangzhou_physics_2015_2025\2022广州中考-参考答案.pdf,D:\KQG_Data\source_materials\imported\guangzhou_physics_2015_2025\20260726-v2\raw\2022广州中考-参考答案.pdf
2022,2022广州中考.pdf,exam_paper,1829178,2026-04-27T11:32:57.795496+00:00,66c5959ae3db3fa2d521b234d371c5fa05ef84763ffc1a5a9ed8bd9adce16101,True,8,4399,D:\KQG_Data\guangzhou_physics_2015_2025\2022广州中考.pdf,D:\KQG_Data\source_materials\imported\guangzhou_physics_2015_2025\20260726-v2\raw\2022广州中考.pdf
2022,2022广州中考年报.pdf,exam_year_report,3894211,2023-09-13T00:25:24+00:00,b06d7c64a422852eb14c42b8d7ee434fc28f97f3a93964da340fd1283f1e7116,True,59,52267,D:\KQG_Data\guangzhou_physics_2015_2025\2022广州中考年报.pdf,D:\KQG_Data\source_materials\imported\guangzhou_physics_2015_2025\20260726-v2\raw\2022广州中考年报.pdf
2023,2023广州中考.pdf,exam_paper,820220,2026-04-27T11:33:25.605498+00:00,9422eb3c0542eeea3526717364de15288d74788c4a1348f64ff012233338acdc,True,8,4597,D:\KQG_Data\guangzhou_physics_2015_2025\2023广州中考.pdf,D:\KQG_Data\source_materials\imported\guangzhou_physics_2015_2025\20260726-v2\raw\2023广州中考.pdf
2023,2023广州中考_参考答案.pdf,answer_solution,185817,2026-05-03T08:23:37.261285+00:00,f7c33a3e4525912de855f34e1d40e2853aa228da6d5f74be91f0627520c7d36a,True,2,906,D:\KQG_Data\guangzhou_physics_2015_2025\2023广州中考_参考答案.pdf,D:\KQG_Data\source_materials\imported\guangzhou_physics_2015_2025\20260726-v2\raw\2023广州中考_参考答案.pdf
2023,2023广州中考年报.pdf,exam_year_report,4395760,2024-04-07T01:03:15+00:00,4d5885aa9f2dadead754d7f5124b6cd7535bc3cddc9bce53fcc6dbcdc913ecc7,True,58,50946,D:\KQG_Data\guangzhou_physics_2015_2025\2023广州中考年报.pdf,D:\KQG_Data\source_materials\imported\guangzhou_physics_2015_2025\20260726-v2\raw\2023广州中考年报.pdf
2024,2024广州中考.pdf,exam_paper,1649497,2026-04-27T11:34:06.927793+00:00,f6a3a77585343e30722ef5e09cda58795fa752e2d86c74d0dda3c89e159311ef,True,8,4797,D:\KQG_Data\guangzhou_physics_2015_2025\2024广州中考.pdf,D:\KQG_Data\source_materials\imported\guangzhou_physics_2015_2025\20260726-v2\raw\2024广州中考.pdf
2024,2024广州中考年报.pdf,exam_year_report,5039547,2025-04-29T09:29:22+00:00,509224044bc1ed8b7bbce9dda011c19e33a273e4033661a76792ce89c94fe07f,True,64,60493,D:\KQG_Data\guangzhou_physics_2015_2025\2024广州中考年报.pdf,D:\KQG_Data\source_materials\imported\guangzhou_physics_2015_2025\20260726-v2\raw\2024广州中考年报.pdf
2024,2024广州中考（解析版）.pdf,answer_solution,1291410,2026-05-03T08:23:44.061700+00:00,5b588bd2ed97be333da83a1f50031fe7f3adf66c8532506a481c97ed09adda95,True,17,10477,D:\KQG_Data\guangzhou_physics_2015_2025\2024广州中考（解析版）.pdf,D:\KQG_Data\source_materials\imported\guangzhou_physics_2015_2025\20260726-v2\raw\2024广州中考（解析版）.pdf
2025,2025广州中考.pdf,exam_paper,2357891,2026-04-27T11:34:35.146910+00:00,26c8aabc95cd2ffa67ed2ea873f13c9f2cb15d8e576ca2e4d4281f00f63e0fbe,True,8,4798,D:\KQG_Data\guangzhou_physics_2015_2025\2025广州中考.pdf,D:\KQG_Data\source_materials\imported\guangzhou_physics_2015_2025\20260726-v2\raw\2025广州中考.pdf
2025,2025广州中考年报.pdf,exam_year_report,3816950,2026-03-25T08:20:45+00:00,122fb00ee53e975eeeb9068a76a694747ccb5d23d89bb459a29d4c50de4a7c6f,True,51,50362,D:\KQG_Data\guangzhou_physics_2015_2025\2025广州中考年报.pdf,D:\KQG_Data\source_materials\imported\guangzhou_physics_2015_2025\20260726-v2\raw\2025广州中考年报.pdf
2025,2025广州中考（答案）.pdf,answer_solution,394067,2026-06-12T02:40:42+00:00,214bf640b640e4a0260380779942eb39cdaada8d86be39ef1befae36ce77b91d,True,3,1225,D:\KQG_Data\guangzhou_physics_2015_2025\2025广州中考（答案）.pdf,D:\KQG_Data\source_materials\imported\guangzhou_physics_2015_2025\20260726-v2\raw\2025广州中考（答案）.pdf
